train_test_split,german_only,learning_rate,epochs,decay,num_attention_heads,num_hidden_layers,random_state,train_bert,name_only,faq_q_only,remove_special_chars,weighted,current_model,shuffle_between_training,distill,sample_size,override,explainable,optimizer,output_attentions,output_hidden_states,batch_size,shuffle_tf,faq_tn,faq_fp,faq_fn,faq_tp,faq_false_positive_rate,faq_false_negative_rate,faq_true_negative_rate,faq_negative_predictive_value,faq_false_discovery_rate,faq_recall,faq_precision,faq_accuracy,faq_f1,faq_matthews_corr,services_tn,services_fp,services_fn,services_tp,services_false_positive_rate,services_false_negative_rate,services_true_negative_rate,services_negative_predictive_value,services_false_discovery_rate,services_recall,services_precision,services_accuracy,services_f1,services_matthews_corr,time[sec],loss_0,loss_1,loss_2,loss_3,loss_4,loss_5,loss_6,loss_7,sparse_categorical_accuracy_0,sparse_categorical_accuracy_1,sparse_categorical_accuracy_2,sparse_categorical_accuracy_3,sparse_categorical_accuracy_4,sparse_categorical_accuracy_5,sparse_categorical_accuracy_6,sparse_categorical_accuracy_7,val_loss_0,val_loss_1,val_loss_2,val_loss_3,val_loss_4,val_loss_5,val_loss_6,val_loss_7,val_sparse_categorical_accuracy_0,val_sparse_categorical_accuracy_1,val_sparse_categorical_accuracy_2,val_sparse_categorical_accuracy_3,val_sparse_categorical_accuracy_4,val_sparse_categorical_accuracy_5,val_sparse_categorical_accuracy_6,val_sparse_categorical_accuracy_7,loss_8,loss_9,sparse_categorical_accuracy_8,sparse_categorical_accuracy_9,loss_10,loss_11,loss_12,loss_13,loss_14,loss_15,sparse_categorical_accuracy_10,sparse_categorical_accuracy_11,sparse_categorical_accuracy_12,sparse_categorical_accuracy_13,sparse_categorical_accuracy_14,sparse_categorical_accuracy_15,cluster,enrich_FAQs,real_data
0.9,False,5e-05,8,0.0,12,12,100,True,True,True,True,True,german_standard_sota,False,False,2000,True,False,Adam,False,False,8,False,421.0,579.0,222.0,778.0,0.579,0.222,0.421,0.6547433903576982,0.4266764922623434,0.778,0.5733235077376566,0.5995,0.6601612218922359,0.2130382893307576,778.0,222.0,579.0,421.0,0.222,0.579,0.778,0.5733235077376566,0.3452566096423017,0.421,0.6547433903576982,0.5995,0.512477175897748,0.2130382893307576,651.1167540550232,0.1960377395153045,0.0284619089215993,0.0105664459988474,0.039947859942913,0.2154023200273513,0.0888149365782737,0.0538495481014251,0.0613841824233531,0.9482421875,0.9931640625,0.9970703125,0.9912109375,0.9658203125,0.98828125,0.994140625,0.994140625,0.1003588736057281,0.2798196673393249,0.2336670607328415,0.283444732427597,0.1755595803260803,0.1374845206737518,0.237637847661972,0.2022970616817474,0.9561403393745422,0.9561403393745422,0.9561403393745422,0.9561403393745422,0.9561403393745422,0.9561403393745422,0.9473684430122375,0.9561403393745422,,,,,,,,,,,,,,,,,,,
0.9,True,5e-05,8,0.01,12,12,100,True,True,True,True,True,german_standard_sota,False,False,2000,True,False,Adam,False,False,8,False,414.0,586.0,164.0,836.0,0.586,0.164,0.414,0.7162629757785467,0.4120956399437412,0.836,0.5879043600562588,0.625,0.690338563170933,0.2757568384622607,836.0,164.0,586.0,414.0,0.164,0.586,0.836,0.5879043600562588,0.2837370242214533,0.414,0.7162629757785467,0.625,0.5247148288973383,0.2757568384622607,650.8311493396759,0.1703943461179733,0.0163193419575691,0.0023801347706466,0.0011884840205311,0.0008292875718325,0.000697981507983,0.0005572107620537,0.0004870022821705,0.9541015625,0.9970703125,1.0,1.0,1.0,1.0,1.0,1.0,0.1336175352334976,0.1667613387107849,0.193584144115448,0.1963016092777252,0.2003119140863418,0.2033649682998657,0.2069563716650009,0.2106368392705917,0.9561403393745422,0.9649122953414916,0.9649122953414916,0.9649122953414916,0.9649122953414916,0.9649122953414916,0.9649122953414916,0.9649122953414916,,,,,,,,,,,,,,,,,,,
0.0,True,5e-05,8,0.01,12,12,100,True,True,True,True,True,german_standard_sota,False,False,2000,True,False,Adam,False,False,8,False,411.0,589.0,150.0,850.0,0.589,0.15,0.411,0.732620320855615,0.409312022237665,0.85,0.590687977762335,0.6305,0.6970069700697007,0.2904883232408575,850.0,150.0,589.0,411.0,0.15,0.589,0.85,0.590687977762335,0.267379679144385,0.411,0.732620320855615,0.6305,0.5265855221012171,0.2904883232408575,691.1453206539154,0.1822018921375274,0.0211257431656122,0.0039046157617121,0.0032320856116712,0.0010438686003908,0.0009342965204268,0.0006921926978975,0.0006167415413074,0.9507908821105956,0.9991212487220764,0.9991212487220764,0.9991212487220764,1.0,1.0,1.0,1.0,,,,,,,,,,,,,,,,,,,,,,,,,,,,,,,,,,,
0.0,False,5e-05,8,0.01,12,12,100,True,True,True,True,True,german_standard_sota,False,False,2000,True,False,Adam,False,False,8,False,395.0,605.0,191.0,809.0,0.605,0.191,0.395,0.674061433447099,0.4278642149929278,0.809,0.5721357850070722,0.602,0.6702568351284176,0.2241076361141023,809.0,191.0,605.0,395.0,0.191,0.605,0.809,0.5721357850070722,0.325938566552901,0.395,0.674061433447099,0.602,0.498108448928121,0.2241076361141023,691.0625178813934,0.2061527818441391,0.025728665292263,0.0038545897696167,0.0012595340376719,0.0009682731470093,0.0007511937874369,0.0008041689288802,0.0005656534922309,0.9507908821105956,0.994727611541748,1.0,1.0,1.0,1.0,1.0,1.0,,,,,,,,,,,,,,,,,,,,,,,,,,,,,,,,,,,
0.0,True,0.1,8,0.01,12,12,100,True,True,True,True,True,german_standard_sota,False,False,2000,True,False,Adam,False,False,8,False,1000.0,0.0,1000.0,0.0,0.0,1.0,1.0,0.5,,0.0,,0.5,0.0,0.0,0.0,1000.0,0.0,1000.0,1.0,0.0,0.0,,0.5,1.0,0.5,0.5,0.6666666666666666,0.0,690.4535520076752,10.468816757202148,5.111821174621582,4.335929393768311,4.5036492347717285,3.6967194080352783,3.544567346572876,3.5960214138031006,3.468482255935669,0.5711774826049805,0.5676625370979309,0.5869947075843811,0.5896309018135071,0.5579965114593506,0.6063268780708313,0.5702987909317017,0.557117760181427,,,,,,,,,,,,,,,,,,,,,,,,,,,,,,,,,,,
0.0,True,0.1,8,0.01,12,12,100,True,True,True,True,True,german_standard_sota,False,False,2000,True,False,Adam,False,False,8,False,0.0,1000.0,0.0,1000.0,1.0,0.0,0.0,,0.5,1.0,0.5,0.5,0.6666666666666666,0.0,1000.0,0.0,1000.0,0.0,0.0,1.0,1.0,0.5,,0.0,,0.5,0.0,0.0,706.2033998966217,6.921003341674805,4.548641681671143,4.441905498504639,4.033886432647705,3.006520748138428,2.944379568099976,2.7712297439575195,2.582033634185791,0.5940245985984802,0.5729349851608276,0.5896309018135071,0.5694200396537781,0.5913884043693542,0.5579965114593506,0.5641476511955261,0.5650263428688049,,,,,,,,,,,,,,,,,,,,,,,,,,,,,,,,,,,
0.0,True,0.01,8,0.01,12,12,100,True,True,True,True,True,german_standard_sota,False,False,2000,True,False,Adam,False,False,8,False,1000.0,0.0,1000.0,0.0,0.0,1.0,1.0,0.5,,0.0,,0.5,0.0,0.0,0.0,1000.0,0.0,1000.0,1.0,0.0,0.0,,0.5,1.0,0.5,0.5,0.6666666666666666,0.0,703.9330639839172,1.4448601007461548,1.0674042701721191,1.0299429893493652,1.03327476978302,0.9998080730438232,0.973574995994568,0.9437768459320068,0.9019113779067992,0.5808435678482056,0.6080843806266785,0.6177504658699036,0.6203866600990295,0.619507908821106,0.611599326133728,0.6379613280296326,0.6537785530090332,,,,,,,,,,,,,,,,,,,,,,,,,,,,,,,,,,,
0.0,True,0.005,8,0.01,12,12,100,True,True,True,True,True,german_standard_sota,False,False,2000,True,False,Adam,False,False,8,False,1000.0,0.0,1000.0,0.0,0.0,1.0,1.0,0.5,,0.0,,0.5,0.0,0.0,0.0,1000.0,0.0,1000.0,1.0,0.0,0.0,,0.5,1.0,0.5,0.5,0.6666666666666666,0.0,704.1896300315857,1.113608717918396,0.9807539582252502,0.9319885969161988,0.896605908870697,0.8685701489448547,0.8476040363311768,0.8517427444458008,0.8448033332824707,0.6001757383346558,0.631810188293457,0.6282952427864075,0.6546573042869568,0.6818980574607849,0.7144112586975098,0.7029876708984375,0.7108963131904602,,,,,,,,,,,,,,,,,,,,,,,,,,,,,,,,,,,
0.0,True,5e-06,8,0.01,12,12,100,True,True,True,True,True,german_standard_sota,False,False,2000,True,False,Adam,False,False,8,False,380.0,620.0,158.0,842.0,0.62,0.158,0.38,0.7063197026022305,0.4240766073871409,0.842,0.5759233926128591,0.611,0.6839967506092607,0.2503157348984475,842.0,158.0,620.0,380.0,0.158,0.62,0.842,0.5759233926128591,0.2936802973977695,0.38,0.7063197026022305,0.611,0.4941482444733419,0.2503157348984475,707.1348464488983,0.3536851704120636,0.161770761013031,0.1067850291728973,0.083901509642601,0.0632102340459823,0.0509000904858112,0.0435887165367603,0.036937229335308,0.9507908821105956,0.975395441055298,0.9876977205276488,0.9894551634788512,0.992091417312622,0.9938488602638244,0.9929701089859008,0.9956063032150269,,,,,,,,,,,,,,,,,,,,,,,,,,,,,,,,,,,
0.0,True,5e-05,8,0.01,12,12,100,True,True,True,True,True,german_standard_sota,False,False,2000,True,False,Adam,False,False,8,False,406.0,594.0,170.0,830.0,0.594,0.17,0.406,0.7048611111111112,0.4171348314606741,0.83,0.5828651685393258,0.618,0.6848184818481848,0.2605828121682301,830.0,170.0,594.0,406.0,0.17,0.594,0.83,0.5828651685393258,0.2951388888888889,0.406,0.7048611111111112,0.618,0.5152284263959391,0.2605828121682301,706.2806580066681,0.1983204334974289,0.0244106873869895,0.0104677062481641,0.0019417577423155,0.001091671991162,0.0007951636216603,0.0006812906940467,0.000598871090915,0.9507908821105956,0.997363805770874,0.9964850544929504,1.0,1.0,1.0,1.0,1.0,,,,,,,,,,,,,,,,,,,,,,,,,,,,,,,,,,,
0.0,True,5e-05,4,0.01,12,12,100,True,True,True,True,True,german_standard_sota,False,False,2000,True,False,Adam,False,False,8,False,401.0,599.0,158.0,842.0,0.599,0.158,0.401,0.7173524150268337,0.4156835530881332,0.842,0.5843164469118668,0.6215,0.6898811962310528,0.2707499463547577,842.0,158.0,599.0,401.0,0.158,0.599,0.842,0.5843164469118668,0.2826475849731664,0.401,0.7173524150268337,0.6215,0.5144323284156512,0.2707499463547577,549.4619662761688,0.1891720592975616,0.024179209023714,0.0043213027529418,0.0014552605571225,,,,,0.9463971853256226,0.9964850544929504,1.0,1.0,,,,,,,,,,,,,,,,,,,,,,,,,,,,,,,,,,,,,,,
0.0,True,5e-05,10,0.01,12,12,100,True,True,True,True,True,german_standard_sota,False,False,2000,True,False,Adam,False,False,8,False,424.0,576.0,164.0,836.0,0.576,0.164,0.424,0.7210884353741497,0.4079320113314447,0.836,0.5920679886685553,0.63,0.693200663349917,0.2853430746506795,836.0,164.0,576.0,424.0,0.164,0.576,0.836,0.5920679886685553,0.2789115646258503,0.424,0.7210884353741497,0.63,0.5340050377833753,0.2853430746506795,1353.4298872947693,0.1833866238594055,0.0388080663979053,0.0050745261833071,0.0017623993335291,0.0011453863698989,0.000860441243276,0.0006838338449597,0.0006313234916888,0.949912130832672,0.9903339147567748,0.9991212487220764,1.0,1.0,1.0,1.0,1.0,,,,,,,,,,,,,,,,,0.000548125070054,0.0004654710646718,1.0,1.0,,,,,,,,,,,,,,,
0.0,True,5e-05,16,0.01,12,12,100,True,True,True,True,True,german_standard_sota,False,False,2000,True,False,Adam,False,False,8,False,416.0,584.0,163.0,837.0,0.584,0.163,0.416,0.7184801381692574,0.4109781843771991,0.837,0.5890218156228009,0.6265,0.6914498141263941,0.2789229182218462,837.0,163.0,584.0,416.0,0.163,0.584,0.837,0.5890218156228009,0.2815198618307427,0.416,0.7184801381692574,0.6265,0.5269157694743509,0.2789229182218462,2155.850487947464,0.1713292300701141,0.0278474483639001,0.0038256021216511,0.0015419260598719,0.001287366496399,0.0008067259914241,0.0006901648594066,0.0005536301177926,0.9569420218467712,0.9964850544929504,0.9991212487220764,1.0,1.0,1.0,1.0,1.0,,,,,,,,,,,,,,,,,0.0005343425436876,0.0004432924324646,1.0,1.0,0.0004035782185383,0.0003746676666196,0.0003410265489947,0.0003095129504799,0.0003246655105613,0.0002792023296933,1.0,1.0,1.0,1.0,1.0,1.0,,,
0.0,True,5e-05,32,0.01,12,12,100,True,True,True,True,True,german_standard_sota,False,False,2000,False,False,Adam,False,False,8,False,421.0,579.0,172.0,828.0,0.579,0.172,0.421,0.7099494097807757,0.4115138592750533,0.828,0.5884861407249466,0.6245,0.6879933527212296,0.2725994352083747,828.0,172.0,579.0,421.0,0.172,0.579,0.828,0.5884861407249466,0.2900505902192243,0.421,0.7099494097807757,0.6245,0.5285624607658506,0.2725994352083747,2151.6440694332123,0.0388943515717983,0.0024034734815359,0.0004595462523866,0.0002171760424971,0.0001729751820676,0.0001566403661854,0.0001245065359398,0.0001187617017421,0.9938488602638244,0.9991212487220764,1.0,1.0,1.0,1.0,1.0,1.0,,,,,,,,,,,,,,,,,9.472070087213068e-05,0.0001035003588185,1.0,1.0,9.131312981480733e-05,7.939257193356752e-05,9.244833199772984e-05,7.58011155994609e-05,7.12176479282789e-05,6.576417217729613e-05,1.0,1.0,1.0,1.0,1.0,1.0,,,
0.0,True,5e-05,16,0.01,12,12,100,True,True,True,True,True,german_standard_sota,False,False,2000,True,False,Adam,False,False,8,False,397.0,603.0,154.0,846.0,0.603,0.154,0.397,0.720508166969147,0.4161490683229814,0.846,0.5838509316770186,0.6215,0.6908942425479787,0.2719545200415287,846.0,154.0,603.0,397.0,0.154,0.603,0.846,0.5838509316770186,0.279491833030853,0.397,0.720508166969147,0.6215,0.5119277885235333,0.2719545200415287,2154.337367296219,0.1958128958940506,0.0225766021758317,0.0082285283133387,0.0017094679642468,0.0010419081663712,0.0008303222712129,0.0006720055243931,0.0006058365106582,0.9463971853256226,0.9956063032150269,0.9982425570487976,1.0,1.0,1.0,1.0,1.0,,,,,,,,,,,,,,,,,0.0005207033245824,0.0004777476715389,1.0,1.0,0.000412821827922,0.0004147061263211,0.0003548581444192,0.0003599240735638,0.0003184131928719,0.0003190253919456,1.0,1.0,1.0,1.0,1.0,1.0,,,
0.0,True,5e-05,16,6.25e-06,12,12,100,True,True,True,True,True,german_standard_sota,False,False,2000,True,False,Adam,False,False,8,False,432.0,568.0,196.0,804.0,0.568,0.196,0.432,0.6878980891719745,0.4139941690962099,0.804,0.5860058309037901,0.618,0.6779089376053963,0.2542465833357067,804.0,196.0,568.0,432.0,0.196,0.568,0.804,0.5860058309037901,0.3121019108280254,0.432,0.6878980891719745,0.618,0.5307125307125307,0.2542465833357067,2152.8222830295563,0.1970676481723785,0.0551784336566925,0.0153256049379706,0.0328503213822841,0.0222695171833038,0.0004554972692858,0.0002561529690865,0.0001797939767129,0.9586994647979736,0.9885764718055724,0.9982425570487976,0.994727611541748,0.9982425570487976,1.0,1.0,1.0,,,,,,,,,,,,,,,,,0.0001404091453878,0.0001192759009427,1.0,1.0,9.04263069969602e-05,7.37300215405412e-05,6.674347241641954e-05,5.651656829286367e-05,4.89265366923064e-05,4.569812517729588e-05,1.0,1.0,1.0,1.0,1.0,1.0,,,
0.0,True,5e-05,16,3.125e-06,12,12,100,True,True,True,True,True,german_standard_sota,False,False,2000,True,False,Adam,False,False,8,False,465.0,535.0,260.0,740.0,0.535,0.26,0.465,0.6413793103448275,0.4196078431372549,0.74,0.5803921568627451,0.6025,0.6505494505494507,0.2132208966718609,740.0,260.0,535.0,465.0,0.26,0.535,0.74,0.5803921568627451,0.3586206896551724,0.465,0.6413793103448275,0.6025,0.5391304347826087,0.2132208966718609,1389.1268010139463,0.1912369579076767,0.0400515273213386,0.043669369071722,0.0007573909824714,0.0003130746481474,0.0002025531430263,0.0001727319613564,0.0001223626604769,0.9586994647979736,0.9876977205276488,0.9876977205276488,1.0,1.0,1.0,1.0,1.0,,,,,,,,,,,,,,,,,9.84657963272184e-05,8.406843699049205e-05,1.0,1.0,7.460295455530286e-05,6.240905349841341e-05,5.405895717558451e-05,4.85622622363735e-05,8.058718958636746e-05,0.1510617136955261,1.0,1.0,1.0,1.0,1.0,0.972759246826172,,,
0.0,True,5e-05,10,0.01,12,12,100,True,True,True,True,True,german_standard_sota,False,False,2000,True,False,Adam,False,False,8,False,423.0,577.0,180.0,820.0,0.577,0.18,0.423,0.7014925373134329,0.4130279169649248,0.82,0.5869720830350752,0.6215,0.6841885690446392,0.2647581967469326,820.0,180.0,577.0,423.0,0.18,0.577,0.82,0.5869720830350752,0.2985074626865671,0.423,0.7014925373134329,0.6215,0.527760449157829,0.2647581967469326,1363.3236966133118,0.185172438621521,0.0210504904389381,0.0028024083003401,0.0016762634040787,0.0012517765862867,0.0009423468145541,0.0008183954050764,0.0006570253754034,0.9613356590270996,0.997363805770874,1.0,1.0,1.0,1.0,1.0,1.0,,,,,,,,,,,,,,,,,0.0006020494038239,0.0008155457326211,1.0,1.0,,,,,,,,,,,,,,,
0.0,True,5e-05,10,5e-06,12,12,100,True,True,True,True,True,german_standard_sota,False,False,2000,True,False,Adam,False,False,8,False,430.0,570.0,206.0,794.0,0.57,0.206,0.43,0.6761006289308176,0.4178885630498534,0.794,0.5821114369501467,0.612,0.6717428087986465,0.2404984464759304,794.0,206.0,570.0,430.0,0.206,0.57,0.794,0.5821114369501467,0.3238993710691824,0.43,0.6761006289308176,0.612,0.5256723716381418,0.2404984464759304,1355.548681974411,0.1737531721591949,0.0651438310742378,0.0232638288289308,0.0150403184816241,0.0022602814715355,0.0555187165737152,0.0539294481277465,0.0257535744458436,0.9657293558120728,0.9841827750205994,0.9929701089859008,0.9982425570487976,1.0,0.9894551634788512,0.9912126660346984,0.994727611541748,,,,,,,,,,,,,,,,,0.0004787507932633,0.0075330114923417,1.0,0.9991212487220764,,,,,,,,,,,,,,,
0.0,True,5e-05,10,0.0,12,12,100,True,True,True,True,True,german_standard_sota,False,False,2000,True,False,Adam,False,False,8,False,304.0,696.0,76.0,924.0,0.696,0.076,0.304,0.8,0.4296296296296296,0.924,0.5703703703703704,0.614,0.7053435114503818,0.2905932629027115,924.0,76.0,696.0,304.0,0.076,0.696,0.924,0.5703703703703704,0.2,0.304,0.8,0.614,0.4405797101449274,0.2905932629027115,1357.2289996147156,0.1731732636690139,0.0486588552594184,0.0185622330754995,0.027702409774065,0.0006178858457133,0.000263896479737,0.0002597864659037,0.028157977387309,0.9604569673538208,0.9876977205276488,0.997363805770874,0.9938488602638244,1.0,1.0,1.0,0.9938488602638244,,,,,,,,,,,,,,,,,0.0232504829764366,0.0520803891122341,0.9929701089859008,0.9938488602638244,,,,,,,,,,,,,,,
0.0,True,5e-05,10,0.01,16,12,100,True,True,True,True,True,german_standard_sota,False,False,2000,True,False,Adam,False,False,8,False,406.0,594.0,164.0,836.0,0.594,0.164,0.406,0.712280701754386,0.4153846153846154,0.836,0.5846153846153846,0.621,0.6880658436213992,0.2680463633431434,836.0,164.0,594.0,406.0,0.164,0.594,0.836,0.5846153846153846,0.287719298245614,0.406,0.712280701754386,0.621,0.5171974522292994,0.2680463633431434,1353.6786193847656,0.1762203127145767,0.0309303440153598,0.0041734012775123,0.0014909433666616,0.0010666380403563,0.0008028070442378,0.0007317382842302,0.0006097077857702,0.95782071352005,0.9929701089859008,1.0,1.0,1.0,1.0,1.0,1.0,,,,,,,,,,,,,,,,,0.000516373780556,0.0004587120492942,1.0,1.0,,,,,,,,,,,,,,,
0.0,True,5e-05,10,0.01,12,12,100,False,True,True,True,True,german_standard_sota,False,False,2000,True,False,Adam,False,False,8,False,695.0,305.0,564.0,436.0,0.305,0.564,0.695,0.5520254169976172,0.4116059379217274,0.436,0.5883940620782726,0.5655,0.5008615738081562,0.1356279903225789,436.0,564.0,305.0,695.0,0.564,0.305,0.436,0.5883940620782726,0.4479745830023828,0.695,0.5520254169976172,0.5655,0.6153165117308543,0.1356279903225789,552.5896925926208,0.7854572534561157,0.7376832962036133,0.7058582901954651,0.6907908916473389,0.6761484742164612,0.666217029094696,0.6566382050514221,0.6497184634208679,0.7776801586151123,0.7768014073371887,0.7943760752677917,0.8075571060180664,0.8137082457542419,0.8391915559768677,0.8453426957130432,0.8444639444351196,,,,,,,,,,,,,,,,,0.6418761610984802,0.6337377429008484,0.8523725867271423,0.8611599206924438,,,,,,,,,,,,,,,
0.0,True,5e-05,10,0.01,12,12,100,True,False,True,True,True,german_standard_sota,False,False,2000,True,False,Adam,False,False,8,False,30.0,970.0,14.0,986.0,0.97,0.014,0.03,0.6818181818181818,0.4959100204498977,0.986,0.5040899795501023,0.508,0.6671177266576456,0.0545392572546834,986.0,14.0,970.0,30.0,0.014,0.97,0.986,0.5040899795501023,0.3181818181818182,0.03,0.6818181818181818,0.508,0.057471264367816,0.0545392572546834,1356.044583082199,0.0500620380043983,0.0010637547820806,0.0006158641772344,0.0004412564449012,0.0003520749451126,0.0003000155265908,0.0061736390925943,0.0002837202046066,0.9859402179718018,1.0,1.0,1.0,1.0,1.0,0.9982425570487976,1.0,,,,,,,,,,,,,,,,,0.0002445988066028,0.0002301393542438,1.0,1.0,,,,,,,,,,,,,,,
0.0,True,5e-05,10,0.01,12,12,100,True,False,True,True,True,german_standard_sota,False,False,2000,True,False,Adam,False,False,8,False,8.0,992.0,3.0,997.0,0.992,0.003,0.008,0.7272727272727273,0.4987430869783811,0.997,0.5012569130216189,0.5025,0.6671127467380394,0.0338030797631182,997.0,3.0,992.0,8.0,0.003,0.992,0.997,0.5012569130216189,0.2727272727272727,0.008,0.7272727272727273,0.5025,0.0158259149357072,0.0338030797631182,1352.25497508049,0.069608598947525,0.0039498661644756,0.0009651115979067,0.000686215411406,0.0005423066322691,0.0004646857851184,0.0004353418480604,0.0003613677399698,0.9833040237426758,0.9991212487220764,1.0,1.0,1.0,1.0,1.0,1.0,,,,,,,,,,,,,,,,,0.0003143415087834,0.0002876510843634,1.0,1.0,,,,,,,,,,,,,,,
0.0,True,5e-05,10,0.01,12,12,100,True,True,False,True,True,german_standard_sota,False,False,2000,True,False,Adam,False,False,8,False,777.0,223.0,712.0,288.0,0.223,0.712,0.777,0.5218267293485561,0.436399217221135,0.288,0.5636007827788649,0.5325,0.3812045003309066,0.0745170335445686,288.0,712.0,223.0,777.0,0.712,0.223,0.288,0.5636007827788649,0.4781732706514439,0.777,0.5218267293485561,0.5325,0.6243471273603857,0.0745170335445686,1355.7568807601929,0.0402349680662155,0.0014960777480155,0.0005656768335029,0.0004221892741043,0.0003162015927955,0.000274381134659,0.0002433341287542,0.0002137118426617,0.9938488602638244,1.0,1.0,1.0,1.0,1.0,1.0,1.0,,,,,,,,,,,,,,,,,0.0001973486650967,0.0001811310648918,1.0,1.0,,,,,,,,,,,,,,,
0.0,True,5e-05,10,0.01,12,12,100,True,True,True,True,True,german_standard_sota,False,False,2000,True,False,Adam,False,False,8,False,418.0,582.0,186.0,814.0,0.582,0.186,0.418,0.6920529801324503,0.4169054441260745,0.814,0.5830945558739254,0.616,0.679465776293823,0.2526543653956511,814.0,186.0,582.0,418.0,0.186,0.582,0.814,0.5830945558739254,0.3079470198675497,0.418,0.6920529801324503,0.616,0.5211970074812967,0.2526543653956511,1349.9769780635834,0.1867218166589737,0.0355501361191272,0.0097573800012469,0.0021237155888229,0.0013124387478455,0.0008994651143439,0.000761320523452,0.0006596287130378,0.9560632705688475,0.9929701089859008,0.9991212487220764,1.0,1.0,1.0,1.0,1.0,,,,,,,,,,,,,,,,,0.0005140155553817,0.0004884090740233,1.0,1.0,,,,,,,,,,,,,,,
0.0,True,5e-05,10,0.01,12,12,100,True,True,False,True,True,german_standard_sota,False,False,2000,True,False,Adam,False,False,8,False,631.0,369.0,486.0,514.0,0.369,0.486,0.631,0.5649059982094897,0.4178935447338618,0.514,0.5821064552661381,0.5725,0.5459373340414232,0.1460027594053141,514.0,486.0,369.0,631.0,0.486,0.369,0.514,0.5821064552661381,0.4350940017905103,0.631,0.5649059982094897,0.5725,0.596126594237128,0.1460027594053141,1354.4095141887665,0.0487933941185474,0.0040422393940389,0.0043109208345413,0.0005407370044849,0.0004275113169569,0.0003490960225462,0.0002965664898511,0.0002645563799887,0.9876977205276488,0.9991212487220764,0.9991212487220764,1.0,1.0,1.0,1.0,1.0,,,,,,,,,,,,,,,,,0.0002381700760452,0.0002161178417736,1.0,1.0,,,,,,,,,,,,,,,
0.0,True,5e-05,10,0.01,12,12,100,True,True,True,False,True,german_standard_sota,False,False,2000,True,False,Adam,False,False,8,False,394.0,606.0,158.0,842.0,0.606,0.158,0.394,0.7137681159420289,0.4185082872928177,0.842,0.5814917127071824,0.618,0.6879084967320261,0.2639721946743896,842.0,158.0,606.0,394.0,0.158,0.606,0.842,0.5814917127071824,0.286231884057971,0.394,0.7137681159420289,0.618,0.5077319587628866,0.2639721946743896,1349.9352340698242,0.1753340512514114,0.0295577831566333,0.0042353109456598,0.0014290992403402,0.001032694010064,0.0006649690330959,0.0005762514774687,0.0005586673505604,0.95782071352005,0.9938488602638244,1.0,1.0,1.0,1.0,1.0,1.0,,,,,,,,,,,,,,,,,0.0004471125139389,0.0003972381236962,1.0,1.0,,,,,,,,,,,,,,,
0.0,True,5e-05,10,0.01,12,12,100,True,True,True,False,True,german_standard_sota,False,False,2000,True,False,Adam,False,False,8,False,421.0,579.0,176.0,824.0,0.579,0.176,0.421,0.7051926298157454,0.4126870990734141,0.824,0.5873129009265858,0.6225,0.6858094049105283,0.2677010553432152,824.0,176.0,579.0,421.0,0.176,0.579,0.824,0.5873129009265858,0.2948073701842546,0.421,0.7051926298157454,0.6225,0.5272385723231058,0.2677010553432152,874.9415736198425,0.1776459515094757,0.0295411702245473,0.0067899422720074,0.0011846367269754,0.0009582497295923,0.0007252273499034,0.0005928053869865,0.0005080195260234,0.9560632705688475,0.994727611541748,0.9991212487220764,1.0,1.0,1.0,1.0,1.0,,,,,,,,,,,,,,,,,0.0004619070969056,0.0003823520382866,1.0,1.0,,,,,,,,,,,,,,,
0.0,True,5e-05,10,0.01,12,12,100,True,True,True,True,False,german_standard_sota,False,False,2000,True,False,Adam,False,False,8,False,400.0,600.0,155.0,845.0,0.6,0.155,0.4,0.7207207207207207,0.4152249134948096,0.845,0.5847750865051903,0.6225,0.6912065439672801,0.2735808340698379,845.0,155.0,600.0,400.0,0.155,0.6,0.845,0.5847750865051903,0.2792792792792792,0.4,0.7207207207207207,0.6225,0.5144694533762058,0.2735808340698379,872.6493809223175,0.1218981519341468,0.0191239267587661,0.009211303666234,0.0009760939283296,0.00072117743548,0.0005386360571719,0.0004405332147143,0.0003839263517875,0.9595782160758972,0.9964850544929504,0.9982425570487976,1.0,1.0,1.0,1.0,1.0,,,,,,,,,,,,,,,,,0.0003273898328188,0.0002874435158446,1.0,1.0,,,,,,,,,,,,,,,
0.0,True,5e-05,10,0.01,12,12,100,True,True,True,True,True,german_cased,False,False,2000,True,False,Adam,False,False,8,False,415.0,585.0,181.0,819.0,0.585,0.181,0.415,0.6963087248322147,0.4166666666666667,0.819,0.5833333333333334,0.617,0.6813643926788685,0.2558050851932741,819.0,181.0,585.0,415.0,0.181,0.585,0.819,0.5833333333333334,0.3036912751677852,0.415,0.6963087248322147,0.617,0.5200501253132832,0.2558050851932741,871.5507228374481,0.3122375607490539,0.1136849895119667,0.0326561406254768,0.0091563686728477,0.0029865799006074,0.002320229075849,0.0018835183000192,0.0013426555087789,0.9270650148391724,0.9718804955482484,0.994727611541748,0.9982425570487976,1.0,1.0,1.0,1.0,,,,,,,,,,,,,,,,,0.0009409575723111,0.0008371815783903,1.0,1.0,,,,,,,,,,,,,,,
0.0,True,5e-05,10,0.01,12,12,100,True,True,True,True,True,german_uncased,False,False,2000,True,False,Adam,False,False,8,False,431.0,569.0,197.0,803.0,0.569,0.197,0.431,0.6863057324840764,0.4147230320699708,0.803,0.5852769679300291,0.617,0.6770657672849916,0.2520919512735396,803.0,197.0,569.0,431.0,0.197,0.569,0.803,0.5852769679300291,0.3136942675159235,0.431,0.6863057324840764,0.617,0.5294840294840295,0.2520919512735396,873.3563973903656,0.2148728221654892,0.0657858997583389,0.0082142939791083,0.0038385784719139,0.0018492576200515,0.0014135696692392,0.0013112295418977,0.0009720384259708,0.949912130832672,0.9833040237426758,1.0,1.0,1.0,1.0,1.0,1.0,,,,,,,,,,,,,,,,,0.0008913468336686,0.0007976668421179,1.0,1.0,,,,,,,,,,,,,,,
0.0,True,5e-05,10,0.01,12,12,100,True,True,True,True,True,english_basic,False,False,2000,True,False,Adam,False,False,8,False,401.0,599.0,173.0,827.0,0.599,0.173,0.401,0.6986062717770035,0.4200561009817671,0.827,0.5799438990182328,0.614,0.6817807089859852,0.2520107913191692,827.0,173.0,599.0,401.0,0.173,0.599,0.827,0.5799438990182328,0.3013937282229965,0.401,0.6986062717770035,0.614,0.5095298602287166,0.2520107913191692,871.3822522163391,0.3623920381069183,0.1539868712425232,0.0608634278178215,0.0169094242155551,0.005943383090198,0.0042575486004352,0.0020738344173878,0.0013558043865486,0.9209138751029968,0.9736379384994508,0.9894551634788512,0.9964850544929504,1.0,0.9991212487220764,1.0,1.0,,,,,,,,,,,,,,,,,0.0010075155878439,0.0008833410684019,1.0,1.0,,,,,,,,,,,,,,,
0.0,True,5e-05,10,0.01,12,12,100,True,True,True,True,True,english_basic,False,False,2000,True,False,Adam,False,False,8,False,407.0,593.0,199.0,801.0,0.593,0.199,0.407,0.6716171617161716,0.4253945480631277,0.801,0.5746054519368723,0.604,0.6691729323308271,0.2263057746497714,801.0,199.0,593.0,407.0,0.199,0.593,0.801,0.5746054519368723,0.3283828382838283,0.407,0.6716171617161716,0.604,0.5068493150684932,0.2263057746497714,862.5505430698395,0.348080962896347,0.1569000333547592,0.0672796219587326,0.0335273891687393,0.0063409213908016,0.0031832482200115,0.0018856135429814,0.0014494755305349,0.9209138751029968,0.9710017442703248,0.9894551634788512,0.9956063032150269,1.0,1.0,1.0,1.0,,,,,,,,,,,,,,,,,0.0016383532201871,0.0011035767383873,1.0,1.0,,,,,,,,,,,,,,,
0.0,True,5e-05,10,0.01,12,12,100,True,True,True,True,True,german_gelectra,False,False,2000,True,False,Adam,False,False,8,False,425.0,575.0,176.0,824.0,0.575,0.176,0.425,0.7071547420965059,0.4110078627591136,0.824,0.5889921372408864,0.6245,0.6869528970404336,0.2715521551286431,824.0,176.0,575.0,425.0,0.176,0.575,0.824,0.5889921372408864,0.2928452579034942,0.425,0.7071547420965059,0.6245,0.5309181761399125,0.2715521551286431,1280.6110110282898,0.3517166972160339,0.0796304494142532,0.0250989887863397,0.0074159023351967,0.0062657846137881,0.0020459904335439,0.0021140261087566,0.000984335783869,0.9173989295959472,0.982425332069397,0.9956063032150269,0.9991212487220764,0.9991212487220764,0.9991212487220764,0.9991212487220764,1.0,,,,,,,,,,,,,,,,,0.0010704699670895,0.0010431351838633,1.0,1.0,,,,,,,,,,,,,,,
0.0,True,5e-05,10,0.01,12,12,100,True,True,True,True,True,german_standard_sota,True,False,2000,True,False,Adam,False,False,8,False,397.0,603.0,156.0,844.0,0.603,0.156,0.397,0.7179023508137432,0.4167242570836212,0.844,0.5832757429163787,0.6205,0.689824274621986,0.269414031908064,844.0,156.0,603.0,397.0,0.156,0.603,0.844,0.5832757429163787,0.2820976491862568,0.397,0.7179023508137432,0.6205,0.5112685125563425,0.269414031908064,421.3667063713074,,,,,,,,,,,,,,,,,,,,,,,,,,,,,,,,,,,,,,,,,,,,,,,,,,,
0.0,True,5e-05,10,0.01,12,12,100,True,True,True,True,True,german_standard_sota,False,False,2000,True,False,SGD,False,False,8,False,1000.0,0.0,996.0,4.0,0.0,0.996,1.0,0.501002004008016,0.0,0.004,1.0,0.502,0.0079681274900398,0.0447661481035845,4.0,996.0,0.0,1000.0,0.996,0.0,0.004,1.0,0.4989979959919839,1.0,0.501002004008016,0.502,0.6675567423230975,0.0447661481035845,844.0133962631226,0.8199586868286133,0.8004276752471924,0.7863432168960571,0.7784711718559265,0.7673343420028687,0.7672898173332214,0.763032853603363,0.7627286314964294,0.7724077105522156,0.7732864618301392,0.7715290188789368,0.7732864618301392,0.7759226560592651,0.7750439643859863,0.7750439643859863,0.7776801586151123,,,,,,,,,,,,,,,,,0.7563169002532959,0.7470412254333496,0.7768014073371887,0.7785588502883911,,,,,,,,,,,,,,,
0.0,True,5e-05,10,0.01,12,12,100,True,True,True,True,True,german_standard_sota,False,False,2000,True,False,RMSprop,False,False,8,False,421.0,579.0,191.0,809.0,0.579,0.191,0.421,0.6879084967320261,0.4171469740634005,0.809,0.5828530259365994,0.615,0.6775544388609716,0.2495498952389759,809.0,191.0,579.0,421.0,0.191,0.579,0.809,0.5828530259365994,0.3120915032679738,0.421,0.6879084967320261,0.615,0.5223325062034739,0.2495498952389759,1353.0080633163452,0.1746663898229599,0.0310195498168468,0.0008482741541229,0.0004354042466729,4.960472324455623e-06,1.0073077874039882e-06,4.283363352897141e-07,2.272099521860583e-07,0.9543058276176452,0.9929701089859008,1.0,1.0,1.0,1.0,1.0,1.0,,,,,,,,,,,,,,,,,1.598535703806192e-07,1.3261769993277994e-07,1.0,1.0,,,,,,,,,,,,,,,
0.0,True,5e-05,10,0.01,12,12,100,True,True,True,True,True,german_standard_sota,False,False,2000,True,False,Adadelta,False,False,8,False,11.0,989.0,18.0,982.0,0.989,0.018,0.011,0.3793103448275862,0.5017757483510908,0.982,0.4982242516489091,0.4965,0.6610568832043083,-0.0292789655668456,982.0,18.0,989.0,11.0,0.018,0.989,0.982,0.4982242516489091,0.6206896551724138,0.011,0.3793103448275862,0.4965,0.021379980563654,-0.0292789655668456,1331.1322367191317,0.9430877566337584,0.9307529926300048,0.924906611442566,0.9235960245132446,0.9149160385131836,0.9162557721138,0.9105821251869202,0.9092278480529784,0.2355008721351623,0.2381370812654495,0.248681902885437,0.241652026772499,0.2504393756389618,0.2592267096042633,0.2504393756389618,0.2557117640972137,,,,,,,,,,,,,,,,,0.9058197736740112,0.9023935198783876,0.2530755698680877,0.2583479881286621,,,,,,,,,,,,,,,
0.0,True,5e-05,10,0.01,12,12,100,True,True,True,True,True,german_standard_sota,False,False,2000,True,False,Adagrad,False,False,8,False,889.0,111.0,777.0,223.0,0.111,0.777,0.889,0.5336134453781513,0.3323353293413174,0.223,0.6676646706586826,0.556,0.3343328335832083,0.150143761096242,223.0,777.0,111.0,889.0,0.777,0.111,0.223,0.6676646706586826,0.4663865546218487,0.889,0.5336134453781513,0.556,0.6669167291822955,0.150143761096242,1374.2898948192596,0.7669625282287598,0.7249336242675781,0.7096078395843506,0.6998948454856873,0.6872848868370056,0.6825628876686096,0.673092246055603,0.6663063764572144,0.7899824380874634,0.80843585729599,0.8119508028030396,0.8137082457542419,0.8216168880462646,0.8304042220115662,0.8339191675186157,0.8383128046989441,,,,,,,,,,,,,,,,,0.6698880195617676,0.6631264686584473,0.8339191675186157,0.8391915559768677,,,,,,,,,,,,,,,
0.0,True,5e-05,10,0.01,12,12,100,True,True,True,True,True,german_standard_sota,False,False,2000,True,False,Adamax,False,False,8,False,392.0,608.0,158.0,842.0,0.608,0.158,0.392,0.7127272727272728,0.4193103448275862,0.842,0.5806896551724138,0.617,0.6873469387755102,0.2620296951273398,842.0,158.0,608.0,392.0,0.158,0.608,0.842,0.5806896551724138,0.2872727272727273,0.392,0.7127272727272728,0.617,0.5058064516129033,0.2620296951273398,1382.9768888950348,0.1968827098608017,0.0493900626897811,0.0272476635873317,0.0201495010405778,0.0142093654721975,0.0106317326426506,0.0095933992415666,0.0077597200870513,0.9648506045341492,0.9938488602638244,0.997363805770874,0.9991212487220764,0.9991212487220764,0.9982425570487976,0.9991212487220764,0.9991212487220764,,,,,,,,,,,,,,,,,0.0060979179106652,0.0051423981785774,1.0,1.0,,,,,,,,,,,,,,,
0.0,True,5e-05,10,0.01,12,12,100,True,True,True,True,True,german_standard_sota,False,False,2000,True,False,Nadam,False,False,8,False,418.0,582.0,162.0,838.0,0.582,0.162,0.418,0.7206896551724138,0.4098591549295775,0.838,0.5901408450704225,0.628,0.6925619834710743,0.2820861713416063,838.0,162.0,582.0,418.0,0.162,0.582,0.838,0.5901408450704225,0.2793103448275862,0.418,0.7206896551724138,0.628,0.5291139240506328,0.2820861713416063,1472.3512778282166,0.1858420968055725,0.0472096838057041,0.010669863782823,0.000481523835333,0.0002328575938008,0.0001685341703705,0.00013880613551,0.0001011834974633,0.955184519290924,0.9894551634788512,0.9956063032150269,1.0,1.0,1.0,1.0,1.0,,,,,,,,,,,,,,,,,8.51628283271566e-05,7.156113133532926e-05,1.0,1.0,,,,,,,,,,,,,,,
0.0,True,5e-05,10,0.01,12,12,100,True,True,True,True,True,german_standard_sota,False,False,2000,True,False,Ftrl,False,False,8,False,1000.0,0.0,1000.0,0.0,0.0,1.0,1.0,0.5,,0.0,,0.5,0.0,0.0,0.0,1000.0,0.0,1000.0,1.0,0.0,0.0,,0.5,1.0,0.5,0.5,0.6666666666666666,0.0,1376.7906520366669,0.8500484824180603,0.8495945930480957,0.8496031761169434,0.8496102094650269,0.8496165871620178,0.8496212959289551,0.849624752998352,0.849629282951355,0.7706502676010132,0.7741652131080627,0.7741652131080627,0.7741652131080627,0.7741652131080627,0.7741652131080627,0.7741652131080627,0.7741652131080627,,,,,,,,,,,,,,,,,0.8496307134628296,0.8496329188346863,0.7741652131080627,0.7741652131080627,,,,,,,,,,,,,,,
0.0,True,5e-05,10,0.01,12,12,100,True,True,True,True,True,german_standard_sota,False,False,2000,True,False,Ftrl,False,False,8,False,1000.0,0.0,1000.0,0.0,0.0,1.0,1.0,0.5,,0.0,,0.5,0.0,0.0,0.0,1000.0,0.0,1000.0,1.0,0.0,0.0,,0.5,1.0,0.5,0.5,0.6666666666666666,0.0,1368.6393213272097,0.850186288356781,0.8495946526527405,0.8496031761169434,0.8496102690696716,0.8496167063713074,0.8496212959289551,0.8496248126029968,0.8496293425559998,0.7715290188789368,0.7741652131080627,0.7741652131080627,0.7741652131080627,0.7741652131080627,0.7741652131080627,0.7741652131080627,0.7741652131080627,,,,,,,,,,,,,,,,,0.8496307134628296,0.849632978439331,0.7741652131080627,0.7741652131080627,,,,,,,,,,,,,,,
0.0,True,5e-05,10,0.01,12,12,100,True,True,True,True,True,german_standard_sota,False,False,2000,True,False,Ftrl,False,False,8,False,1000.0,0.0,1000.0,0.0,0.0,1.0,1.0,0.5,,0.0,,0.5,0.0,0.0,0.0,1000.0,0.0,1000.0,1.0,0.0,0.0,,0.5,1.0,0.5,0.5,0.6666666666666666,0.0,871.5813539028168,0.8505265712738037,0.8495941162109375,0.849602997303009,0.8496101498603821,0.849616527557373,0.8496212959289551,0.8496246933937073,0.849629282951355,0.7706502676010132,0.7741652131080627,0.7741652131080627,0.7741652131080627,0.7741652131080627,0.7741652131080627,0.7741652131080627,0.7741652131080627,,,,,,,,,,,,,,,,,0.84963059425354,0.8496329188346863,0.7741652131080627,0.7741652131080627,,,,,,,,,,,,,,,
0.0,True,5e-05,10,0.01,12,12,100,True,True,True,True,True,german_standard_sota,False,False,2000,True,False,Adam,False,False,8,False,398.0,602.0,140.0,860.0,0.602,0.14,0.398,0.7397769516728625,0.4117647058823529,0.86,0.5882352941176471,0.629,0.6986190089358245,0.2909074756927904,860.0,140.0,602.0,398.0,0.14,0.602,0.86,0.5882352941176471,0.2602230483271375,0.398,0.7397769516728625,0.629,0.5175552665799741,0.2909074756927904,860.0901262760162,0.1804642975330352,0.0259020179510116,0.0066067641600966,0.0018809378379955,0.0013566967099905,0.0009931829990819,0.0007535660988651,0.0006753150955773,0.9516695737838744,0.994727611541748,0.9982425570487976,1.0,1.0,1.0,1.0,1.0,,,,,,,,,,,,,,,,,0.0006101078470237,0.0004743134486488,1.0,1.0,,,,,,,,,,,,,,,
0.0,True,5e-05,8,0.01,12,12,100,True,True,True,True,True,german_standard_sota,False,False,2000,True,False,Adam,False,False,8,False,401.0,599.0,150.0,850.0,0.599,0.15,0.401,0.7277676950998185,0.4133885438233264,0.85,0.5866114561766735,0.6255,0.69416088199265,0.2809077552692334,850.0,150.0,599.0,401.0,0.15,0.599,0.85,0.5866114561766735,0.2722323049001814,0.401,0.7277676950998185,0.6255,0.5170857511283045,0.2809077552692334,1096.3291935920715,0.1726650148630142,0.0367254354059696,0.0039585451595485,0.0020147617906332,0.0014840429648756,0.0009888802887871,0.0008264773059636,0.0006730920867994,0.955184519290924,0.9912126660346984,1.0,1.0,1.0,1.0,1.0,1.0,,,,,,,,,,,,,,,,,,,,,,,,,,,,,,,,,,,
0.0,True,5e-05,8,0.01,12,12,100,True,True,True,True,True,german_standard_sota,False,False,2000,False,False,Adam,False,False,8,False,412.0,588.0,171.0,829.0,0.588,0.171,0.412,0.7066895368782161,0.4149611856033874,0.829,0.5850388143966125,0.6205,0.6859743483657427,0.2651537905767777,829.0,171.0,588.0,412.0,0.171,0.588,0.829,0.5850388143966125,0.2933104631217839,0.412,0.7066895368782161,0.6205,0.5205306380290587,0.2651537905767777,706.8737127780914,0.1903415620326995,0.0192157216370105,0.0029012970626354,0.0013036095770075,0.0009620378259569,0.0007022022036835,0.0005885807331651,0.0004896828904747,0.9586994647979736,0.997363805770874,1.0,1.0,1.0,1.0,1.0,1.0,,,,,,,,,,,,,,,,,,,,,,,,,,,,,,,,,,,
0.0,True,5e-05,8,0.01,12,12,100,True,True,True,True,True,german_standard_sota,False,False,2000,False,False,Adam,False,False,8,False,425.0,575.0,198.0,802.0,0.575,0.198,0.425,0.6821829855537721,0.4175744371822803,0.802,0.5824255628177197,0.6135,0.6748001682793437,0.2450839457825188,802.0,198.0,575.0,425.0,0.198,0.575,0.802,0.5824255628177197,0.3178170144462279,0.425,0.6821829855537721,0.6135,0.5237215033887862,0.2450839457825188,706.0360517501831,0.0290292594581842,0.0016839993186295,0.0002690871478989,0.0002951725327875,0.000119175601867,9.88777173915878e-05,9.222631342709064e-05,0.000113915237307,0.9964850544929504,0.9991212487220764,1.0,1.0,1.0,1.0,1.0,1.0,,,,,,,,,,,,,,,,,,,,,,,,,,,,,,,,,,,
0.0,True,5e-05,8,0.01,12,12,100,True,True,True,True,True,german_standard_sota,False,False,2000,False,False,Adam,False,False,8,False,424.0,576.0,195.0,805.0,0.576,0.195,0.424,0.6849757673667205,0.4170890658942795,0.805,0.5829109341057205,0.6145,0.6761864762704746,0.2476813570642509,805.0,195.0,576.0,424.0,0.195,0.576,0.805,0.5829109341057205,0.3150242326332795,0.424,0.6849757673667205,0.6145,0.5237801111797405,0.2476813570642509,706.7556865215302,5.7140055105264764e-06,8.834883828967577e-07,5.440887207441847e-07,4.41744731460858e-07,3.675793891488866e-07,3.115363824690576e-07,2.684827506982401e-07,2.437609794014861e-07,1.0,1.0,1.0,1.0,1.0,1.0,1.0,1.0,,,,,,,,,,,,,,,,,,,,,,,,,,,,,,,,,,,
0.0,True,5e-05,8,0.01,12,12,100,True,True,True,True,True,german_standard_sota,False,False,2000,True,False,Adam,False,False,8,False,399.0,601.0,158.0,842.0,0.601,0.158,0.399,0.7163375224416517,0.4164934164934165,0.842,0.5835065835065835,0.6205,0.689316414244781,0.2688167210824592,842.0,158.0,601.0,399.0,0.158,0.601,0.842,0.5835065835065835,0.2836624775583483,0.399,0.7163375224416517,0.6205,0.5125240847784202,0.2688167210824592,1062.2045629024506,0.1846240013837814,0.0317184180021286,0.0112570952624082,0.0024094737600535,0.0014060448156669,0.0010420843027532,0.0007730651996098,0.0006822572322562,0.9516695737838744,0.9938488602638244,0.9991212487220764,1.0,1.0,1.0,1.0,1.0,,,,,,,,,,,,,,,,,,,,,,,,,,,,,,,,,,,
0.0,True,5e-05,8,0.01,12,12,100,True,True,True,True,True,german_standard_sota,False,False,2000,True,False,Adam,False,False,8,False,422.0,578.0,169.0,831.0,0.578,0.169,0.422,0.7140439932318104,0.4102200141944641,0.831,0.5897799858055358,0.6265,0.6899128268991283,0.2772498272252818,831.0,169.0,578.0,422.0,0.169,0.578,0.831,0.5897799858055358,0.2859560067681895,0.422,0.7140439932318104,0.6265,0.5304839723444374,0.2772498272252818,1083.1826298236847,0.1843839138746261,0.0250648502260446,0.0030022994615137,0.0014169204514473,0.0008458208176307,0.0007293180096894,0.0005401123780757,0.0004722627345472,0.9534270763397216,0.997363805770874,1.0,1.0,1.0,1.0,1.0,1.0,,,,,,,,,,,,,,,,,,,,,,,,,,,,,,,,,,,
0.0,True,5e-05,8,0.01,12,12,100,True,True,True,True,True,german_standard_sota,False,False,2000,True,True,Adam,False,False,8,False,376.0,624.0,123.0,877.0,0.624,0.123,0.376,0.7535070140280561,0.4157228514323784,0.877,0.5842771485676216,0.6265,0.7013194722111156,0.2923343858267557,877.0,123.0,624.0,376.0,0.123,0.624,0.877,0.5842771485676216,0.2464929859719438,0.376,0.7535070140280561,0.6265,0.5016677785190127,0.2923343858267557,2619.3028802871704,0.1081498265266418,0.0114147253334522,0.0027369072195142,0.0008863930124789,0.0006748100859113,0.0005409228615462,0.0004799707676284,0.0003790484042838,0.9732948541641236,0.9978347420692444,0.9992782473564148,1.0,1.0,1.0,1.0,1.0,,,,,,,,,,,,,,,,,,,,,,,,,,,,,,,,,,,
0.0,True,5e-05,8,0.01,12,12,100,True,True,True,True,True,german_standard_sota,False,False,2000,True,True,Adam,False,False,8,False,398.0,602.0,131.0,869.0,0.602,0.131,0.398,0.7523629489603024,0.4092454112848402,0.869,0.5907545887151597,0.6335,0.7033589639821934,0.302675374880991,869.0,131.0,602.0,398.0,0.131,0.602,0.869,0.5907545887151597,0.2476370510396975,0.398,0.7523629489603024,0.6335,0.5206017004578155,0.302675374880991,2692.0072259902954,0.1171475872397422,0.0144170857965946,0.0045564826577901,0.0028994297608733,0.0024301668163388,0.002119697863236,0.0016846652142703,0.0010269378544762,0.966077208518982,0.9974738359451294,0.9992782473564148,0.999639093875885,0.999639093875885,0.999639093875885,0.999639093875885,0.999639093875885,,,,,,,,,,,,,,,,,,,,,,,,,,,,,,,,,,,
0.0,True,5e-05,8,0.01,12,12,100,True,True,True,True,False,german_standard_sota,False,False,2000,False,True,Adam,False,False,8,False,381.0,619.0,128.0,872.0,0.619,0.128,0.381,0.7485265225933202,0.4151576123407109,0.872,0.5848423876592891,0.6265,0.700120433560819,0.2904175171953478,872.0,128.0,619.0,381.0,0.128,0.619,0.872,0.5848423876592891,0.2514734774066797,0.381,0.7485265225933202,0.6265,0.5049701789264414,0.2904175171953478,2609.009140253067,0.063567966222763,0.0092956824228167,0.0014823970850557,0.0006530525861307,0.0004017572791781,0.0003273109032306,0.0002729509724304,0.0002292745484737,0.978708028793335,0.9971129298210144,0.999639093875885,1.0,1.0,1.0,1.0,1.0,,,,,,,,,,,,,,,,,,,,,,,,,,,,,,,,,,,
0.0,True,5e-05,8,0.01,12,12,100,True,True,True,True,False,german_standard_sota,False,False,2000,False,True,Adam,False,False,8,False,385.0,615.0,130.0,870.0,0.615,0.13,0.385,0.7475728155339806,0.4141414141414141,0.87,0.5858585858585859,0.6275,0.7002012072434608,0.2915904788485118,870.0,130.0,615.0,385.0,0.13,0.615,0.87,0.5858585858585859,0.2524271844660194,0.385,0.7475728155339806,0.6275,0.5082508250825083,0.2915904788485118,2620.881147384644,0.0630298629403114,0.0076610944233834,0.0033940772991627,0.0021765297278761,0.0011983045842498,0.0005263701314106,0.0003761685511562,0.0002993950620293,0.9765427708625792,0.9978347420692444,0.999639093875885,0.999639093875885,0.999639093875885,1.0,1.0,1.0,,,,,,,,,,,,,,,,,,,,,,,,,,,,,,,,,,,
0.0,True,5e-05,8,0.01,12,12,100,True,True,True,True,False,german_standard_sota,False,False,2000,False,True,Adam,False,False,8,False,401.0,599.0,126.0,874.0,0.599,0.126,0.401,0.7609108159392789,0.406653088934148,0.874,0.593346911065852,0.6375,0.7068338050950262,0.312123172684136,874.0,126.0,599.0,401.0,0.126,0.599,0.874,0.593346911065852,0.239089184060721,0.401,0.7609108159392789,0.6375,0.5252128356254092,0.312123172684136,2648.2633583545685,0.0675577744841575,0.0069109960459172,0.0024539160076528,0.000685017381329,0.0004741179873235,0.0003263455291744,0.0002805694530252,0.0002246884978376,0.9736557006835938,0.9992782473564148,0.999639093875885,1.0,1.0,1.0,1.0,1.0,,,,,,,,,,,,,,,,,,,,,,,,,,,,,,,,,,,
0.0,True,5e-05,8,0.01,12,12,100,True,True,True,True,False,german_standard_sota,False,False,2000,False,False,Adam,False,False,8,False,400.0,600.0,146.0,854.0,0.6,0.146,0.4,0.7326007326007326,0.4126547455295736,0.854,0.5873452544704264,0.627,0.6960065199674002,0.2850724131095017,854.0,146.0,600.0,400.0,0.146,0.6,0.854,0.5873452544704264,0.2673992673992674,0.4,0.7326007326007326,0.627,0.517464424320828,0.2850724131095017,2663.266228437424,0.0646331086754798,0.0062433267012238,0.0010056132450699,0.0006376828532665,0.0003575168957468,0.0002947071334347,0.0002457908703945,0.0002118116390192,0.9769036173820496,0.9985564947128296,1.0,1.0,1.0,1.0,1.0,1.0,,,,,,,,,,,,,,,,,,,,,,,,,,,,,,,,,,,
0.0,True,5e-05,8,0.01,12,12,100,True,True,True,True,False,german_standard_sota,False,False,2000,False,False,Adam,False,False,8,False,393.0,607.0,138.0,862.0,0.607,0.138,0.393,0.7401129943502824,0.4132062627637849,0.862,0.5867937372362151,0.6275,0.6982584042122317,0.2887234257114529,862.0,138.0,607.0,393.0,0.138,0.607,0.862,0.5867937372362151,0.2598870056497175,0.393,0.7401129943502824,0.6275,0.5133899412148922,0.2887234257114529,2665.407035112381,0.0125835090875625,0.0002978781994897,0.0001081706213881,7.147844007704407e-05,6.205921818036586e-05,5.181536471354775e-05,4.3518273741938174e-05,4.006691233371384e-05,0.9967520833015442,1.0,1.0,1.0,1.0,1.0,1.0,1.0,,,,,,,,,,,,,,,,,,,,,,,,,,,,,,,,,,,
0.9,True,5e-05,8,0.01,12,12,100,True,True,True,True,,german_standard_sota,False,False,2000,False,False,Adam,False,False,8,False,0.0,1000.0,0.0,1000.0,1.0,0.0,0.0,,0.5,1.0,0.5,0.5,0.6666666666666666,0.0,1000.0,0.0,1000.0,0.0,0.0,1.0,1.0,0.5,,0.0,,0.5,0.0,0.0,1792.4996285438538,0.1843910962343216,0.2644342184066772,0.3094314336776733,0.4358571767807007,0.5521583557128906,0.612328827381134,0.6805839538574219,0.3628597259521484,0.9611111283302308,0.9372222423553468,0.9155555367469788,0.8533333539962769,0.801111102104187,0.7427777647972107,0.6827777624130249,0.8811110854148865,0.0016411244869232,0.0067739677615463,0.014730998314917,0.0198359414935112,0.0572793036699295,0.0706216320395469,0.1454080194234848,0.0796214789152145,1.0,1.0,1.0,1.0,1.0,1.0,1.0,1.0,,,,,,,,,,,,,,,,,,,
0.9,True,5e-05,8,0.01,12,12,100,True,True,True,True,,german_standard_sota,False,False,4000,False,False,Adam,False,False,8,False,0.0,2000.0,0.0,2000.0,1.0,0.0,0.0,,0.5,1.0,0.5,0.5,0.6666666666666666,0.0,2000.0,0.0,2000.0,0.0,0.0,1.0,1.0,0.5,,0.0,,0.5,0.0,0.0,3570.334337472916,0.1339332312345504,0.1348076164722442,0.2659711539745331,0.2027411609888076,0.2500607669353485,0.3014654815196991,0.3912177383899688,0.2189620286226272,0.9741666913032532,0.9733333587646484,0.9280555844306946,0.9433333277702332,0.9288889169692992,0.9027777910232544,0.8808333277702332,0.934166669845581,0.0007826249347999,0.0031990380957722,0.0081784538924694,0.0160280559211969,0.0179587863385677,0.0154988849535584,0.0279004387557506,0.0334277227520942,1.0,1.0,1.0,1.0,1.0,1.0,1.0,1.0,,,,,,,,,,,,,,,,,,,
0.9,True,5e-05,8,0.01,12,12,100,True,True,True,True,,german_standard_sota,False,False,4000,False,False,Adam,False,False,8,False,1952.0,48.0,76.0,1924.0,0.024,0.038,0.976,0.9625246548323472,0.024340770791075,0.962,0.9756592292089248,0.969,0.9687814702920444,0.9380919375150356,1924.0,76.0,48.0,1952.0,0.038,0.024,0.962,0.9756592292089248,0.0374753451676528,0.976,0.9625246548323472,0.969,0.9692154915590864,0.9380919375150356,3561.583915948868,0.3750030994415283,0.2429740279912948,0.1776676923036575,0.1358194798231125,0.1070354804396629,0.087362989783287,0.0751109048724174,0.0632135421037674,0.8427777886390686,0.906944453716278,0.9352777600288392,0.9491666555404664,0.9608333110809326,0.9677777886390686,0.971666693687439,0.9758333563804626,0.3499465882778168,0.3464251458644867,0.3928398489952087,0.4567895531654358,0.5198145508766174,0.5622814893722534,0.6034332513809204,0.621055006980896,0.8374999761581421,0.8525000214576721,0.8450000286102295,0.8450000286102295,0.8450000286102295,0.8475000262260437,0.8424999713897705,0.8424999713897705,,,,,,,,,,,,,,,,,,,
0.9,True,5e-05,8,0.01,12,12,100,True,True,True,True,,german_standard_sota,False,False,4000,False,False,Adam,False,False,8,False,1955.0,45.0,66.0,1934.0,0.0225,0.033,0.9775,0.967342899554676,0.0227387569479535,0.967,0.9772612430520464,0.97225,0.9721035436039206,0.9445520698680668,1934.0,66.0,45.0,1955.0,0.033,0.0225,0.967,0.9772612430520464,0.0326571004453241,0.9775,0.967342899554676,0.97225,0.9723949266351654,0.9445520698680668,3506.921447992325,0.3727481961250305,0.2263943701982498,0.1612825691699981,0.1164831817150116,0.0906718969345092,0.0712234005331993,0.063847430050373,0.0523577854037284,0.8436111211776733,0.9105555415153505,0.9411110877990724,0.9577777981758118,0.965833306312561,0.9752777814865112,0.977222204208374,0.9811111092567444,0.3394479751586914,0.3534669876098633,0.4161796867847442,0.5010164976119995,0.5394165515899658,0.6205645799636841,0.6413227915763855,0.6666600108146667,0.8600000143051147,0.8600000143051147,0.8575000166893005,0.8575000166893005,0.8550000190734863,0.8374999761581421,0.8349999785423279,0.8450000286102295,,,,,,,,,,,,,,,,,,,
0.9,True,5e-05,8,0.01,12,12,100,True,True,True,True,,german_standard_sota,False,False,4000,False,False,Adam,False,False,8,False,1733.0,267.0,248.0,1752.0,0.1335,0.124,0.8665,0.8748107016658253,0.1322436849925705,0.876,0.8677563150074294,0.87125,0.8718586713112715,0.7425335075805615,1752.0,248.0,267.0,1733.0,0.124,0.1335,0.876,0.8677563150074294,0.1251892983341746,0.8665,0.8748107016658253,0.87125,0.870635518713891,0.7425335075805615,3517.8666841983795,0.3827603757381439,0.2429263740777969,0.178721010684967,0.1349529027938842,0.1075900495052337,0.0910910964012146,0.0763983055949211,0.0630287900567054,0.8347222208976746,0.9077777862548828,0.9291666746139526,0.9505555629730223,0.9586111307144164,0.9655555486679076,0.9708333611488342,0.9769444465637208,0.3350659310817718,0.3540239334106445,0.3803091049194336,0.4022460877895355,0.4236072897911072,0.4393351674079895,0.4607796370983124,0.4868617355823517,0.8725000023841858,0.8700000047683716,0.862500011920929,0.8700000047683716,0.862500011920929,0.8799999952316284,0.8725000023841858,0.8675000071525574,,,,,,,,,,,,,,,,,,,
0.9,True,5e-05,8,0.01,12,12,100,True,True,True,True,,german_standard_sota,False,False,4000,False,False,Adam,False,False,8,False,1745.0,255.0,262.0,1738.0,0.1275,0.131,0.8725,0.8694569008470354,0.1279478173607626,0.869,0.8720521826392373,0.87075,0.8705234159779613,0.7415045417292272,1738.0,262.0,255.0,1745.0,0.131,0.1275,0.869,0.8720521826392373,0.1305430991529646,0.8725,0.8694569008470354,0.87075,0.8709757923633642,0.7415045417292272,3521.3384063243866,0.3824279308319092,0.2434605360031128,0.1918388903141021,0.1505903303623199,0.12068522721529,0.0965979099273681,0.080849751830101,0.066459834575653,0.8344444632530212,0.9086111187934875,0.9300000071525574,0.9461110830307008,0.9597222208976746,0.965833306312561,0.9708333611488342,0.9766666889190674,0.3259927630424499,0.3304177224636078,0.3555518686771393,0.381417840719223,0.4122795164585113,0.4570206701755523,0.5101987719535828,0.5455365180969238,0.8700000047683716,0.8799999952316284,0.8600000143051147,0.8700000047683716,0.862500011920929,0.8600000143051147,0.8525000214576721,0.8525000214576721,,,,,,,,,,,,,,,,,,,
0.9,True,5e-05,8,0.01,12,12,100,True,True,True,True,,german_standard_sota,False,False,4000,False,False,Adam,False,False,8,False,1682.0,318.0,219.0,1781.0,0.159,0.1095,0.841,0.884797475013151,0.1515007146260124,0.8905,0.8484992853739877,0.86575,0.8689924371797999,0.7323978292043143,1781.0,219.0,318.0,1682.0,0.1095,0.159,0.8905,0.8484992853739877,0.115202524986849,0.841,0.884797475013151,0.86575,0.8623429889771853,0.7323978292043143,3527.7902545928955,0.1774611175060272,0.0824441686272621,0.0518696717917919,0.0359731391072273,0.0344065278768539,0.0280056893825531,0.0230064634233713,0.027489548549056,0.9347222447395324,0.969444453716278,0.9788888692855836,0.9869444370269777,0.9880555272102356,0.9891666769981384,0.9916666746139526,0.9900000095367432,0.4535958468914032,0.5750706195831299,0.6402968764305115,0.696910560131073,0.7505954504013062,0.7789055705070496,0.8316483497619629,0.8238808512687683,0.8575000166893005,0.8450000286102295,0.8374999761581421,0.8399999737739563,0.8324999809265137,0.824999988079071,0.8274999856948853,0.8224999904632568,,,,,,,,,,,,,,,,,,,
0.9,True,5e-05,8,0.01,12,12,100,True,True,True,True,,german_standard_sota,False,False,2000,False,False,Adam,False,False,8,False,403.0,597.0,170.0,830.0,0.597,0.17,0.403,0.7033158813263525,0.4183601962158374,0.83,0.5816398037841626,0.6165,0.6839719818706222,0.2576716411069523,830.0,170.0,597.0,403.0,0.17,0.597,0.83,0.5816398037841626,0.2966841186736474,0.403,0.7033158813263525,0.6165,0.512396694214876,0.2576716411069523,1006.8046503067015,0.1285661458969116,0.0119160115718841,0.0012954361736774,0.0008405551197938,0.0006280421512201,0.000511769845616,0.0004378668090794,0.0003764829889405,0.953125,0.998046875,1.0,1.0,1.0,1.0,1.0,1.0,0.1467754244804382,0.2004844695329666,0.2174344956874847,0.2287070304155349,0.2375602126121521,0.2453360259532928,0.250470221042633,0.2555484771728515,0.9649122953414916,0.9561403393745422,0.9561403393745422,0.9561403393745422,0.9561403393745422,0.9561403393745422,0.9561403393745422,0.9561403393745422,,,,,,,,,,,,,,,,,,,
0.9,True,5e-05,8,0.01,12,12,100,True,True,True,True,,german_standard_sota,False,False,2000,False,False,Adam,False,False,8,False,601.0,399.0,173.0,827.0,0.399,0.173,0.601,0.7764857881136951,0.3254486133768352,0.827,0.6745513866231647,0.714,0.7430368373764599,0.4393676260119492,827.0,173.0,399.0,601.0,0.173,0.399,0.827,0.6745513866231647,0.2235142118863049,0.601,0.7764857881136951,0.714,0.677564825253664,0.4393676260119492,1809.714046478272,0.1251991689205169,0.0687036141753196,0.042826235294342,0.0458089374005794,0.0283221844583749,0.0263464543968439,0.0239221192896366,0.0230319425463676,0.9494444727897644,0.9700000286102296,0.9800000190734864,0.9766666889190674,0.9866666793823242,0.9877777695655824,0.9872221946716307,0.9905555844306946,0.9005491137504578,0.897239089012146,1.0234715938568115,1.0314621925354004,1.12970769405365,1.1601136922836304,1.1928906440734863,1.2280538082122805,0.7950000166893005,0.8050000071525574,0.800000011920929,0.7950000166893005,0.7900000214576721,0.7900000214576721,0.7900000214576721,0.7900000214576721,,,,,,,,,,,,,,,,,,,
0.9,True,5e-05,2,0.01,12,12,100,True,True,True,True,,german_standard_sota,False,False,2000,False,False,Adam,False,False,8,False,400.0,600.0,156.0,844.0,0.6,0.156,0.4,0.7194244604316546,0.4155124653739612,0.844,0.5844875346260388,0.622,0.690671031096563,0.2723132879498854,844.0,156.0,600.0,400.0,0.156,0.6,0.844,0.5844875346260388,0.2805755395683453,0.4,0.7194244604316546,0.622,0.5141388174807199,0.2723132879498854,263.8935842514038,0.126715213060379,0.0153931090608239,,,,,,,0.95703125,0.99609375,,,,,,,0.1278795599937439,0.158531367778778,,,,,,,0.9649122953414916,0.9649122953414916,,,,,,,,,,,,,,,,,,,,,,,,,
